{"normals":[0,-1,0,-0,-0.500011,-0.866019,-0,-0.501329,-0.865257,0.0022444,-0.499524,-0.866297,-0.0011222,-0.499525,-0.866299,0.866019,-0.500011,0,0.865257,-0.501329,0,0.866297,-0.499524,0.0022444,0.866299,-0.499525,-0.0011222,0,-0.500011,0.866019,0,-0.501329,0.865257,-0.00224446,-0.499524,0.866297,0.00112223,-0.499525,0.866299,-2.26879e-08,0.731542,-0.681797,0.681796,0.731542,1.58815e-07,0,1,-0,0,0.731542,-0.681797,1.13439e-07,0.731542,0.681797,0,1,0,-0.866019,-0.500011,-1.6518e-07,-0.865257,-0.501329,0,-0.866297,-0.499524,-0.00224425,-0.866299,-0.499525,0.0011222,-2.26879e-08,0.731542,0.681797,-0.681797,0.731542,-2.26879e-08,0.681796,0.731542,-2.04191e-07,-0.681797,0.731542,2.26879e-08],"metadata":{"normals":27,"version":3,"vertices":28,"generator":"io_three","type":"Geometry","faces":28},"vertices":[1.25,1.0825,-1.25,1.25,1.0825,1.25,-1.25,1.0825,-1.25,0,-1.0825,4.73176e-08,-1.25,1.0825,1.25,1.25,1.0825,1.25,-1.25,1.0825,1.25,1.25,1.0825,-1.25,0,-1.0825,4.73176e-08,-1.25,1.0825,-1.25,0,0.5,-0.9125,7.45058e-08,0.5,0.9125,0.9125,0.5,-2.18557e-08,-0.9125,0.5,-2.18557e-08,1.49012e-07,0.5,-2.18557e-08,0.625,1.0825,1.25,-0.625,1.0825,1.25,-1.25,1.0825,-0.625,-0.625,1.0825,-1.25,0.625,1.0825,-1.25,1.25,1.0825,0.625,-1.25,1.0825,0.625,1.25,1.0825,-0.625,-1.25,1.0825,0.625,0.625,1.0825,-0.625,-0.625,1.0825,-0.625,-0.625,1.0825,0.625,0.625,1.0825,0.625],"faces":[33,26,16,6,23,0,0,0,0,32,8,9,18,1,1,1,32,10,19,7,2,2,2,32,8,18,10,3,3,3,32,10,7,8,4,4,4,32,8,7,22,5,5,5,32,12,20,5,6,6,6,32,8,22,12,7,7,7,32,12,5,8,8,8,8,32,8,5,15,9,9,9,32,11,16,4,10,10,10,32,8,15,11,11,11,11,32,11,4,8,12,12,12,33,23,26,14,13,13,13,13,13,33,18,25,14,10,14,14,14,14,33,15,5,20,27,15,15,15,15,33,20,12,14,27,16,16,16,16,33,17,13,14,25,17,17,17,17,33,19,24,22,7,18,18,18,18,33,9,17,25,18,18,18,18,18,32,8,6,23,19,19,19,32,13,17,9,20,20,20,32,8,23,13,21,21,21,32,13,9,8,22,22,22,33,12,22,24,14,23,23,23,23,33,19,10,14,24,24,24,24,24,33,16,11,14,26,25,25,25,25,33,15,27,14,11,26,26,26,26]}