{"normals":[0.873999,-0.485927,0,0.878228,-0.478243,0,0.871105,-0.49061,-0.0218776,0.871261,-0.490698,0.0109408,-0.873999,-0.485927,0,-0.873999,-0.485927,0,-0.871105,-0.49061,-0.0218776,-0.871105,-0.49061,0.0218776,0,-0.485927,0.873999,0,-0.478243,0.878228,0.0218775,-0.49061,0.871105,-0.0109407,-0.490698,0.871261,-0,-0.485927,-0.873999,0.0218777,-0.49061,-0.871105,-0.0218777,-0.49061,-0.871105,-0,1,0,0,1,0,0,1,-0,-0,1,0,0.866849,-0.498571,7.04407e-08,0.866849,-0.498571,0,-7.04406e-08,-0.498571,-0.866849,-7.04406e-08,-0.498571,-0.866849,1.40881e-07,-0.498571,0.866849,-0.866849,-0.498571,7.04407e-08,3.52203e-08,-0.498571,0.866849,-0.866849,-0.498571,0,-0.802853,0.596178,-1.21487e-08,0.802853,0.596178,2.42974e-08,-7.28922e-08,0.596178,-0.802853,0,0.596178,0.802853,-0.802853,0.596178,1.21487e-08,0.802853,0.596178,3.64461e-08,-8.50409e-08,0.596178,-0.802853,8.50409e-08,0.596178,0.802853],"metadata":{"normals":35,"version":3,"vertices":38,"generator":"io_three","type":"Geometry","faces":48},"vertices":[1.3,1.0875,0.75,0.575,-0.2165,-1.56705e-08,1.3,1.0875,-0.75,-1.3,1.0875,0.75,-0.575,-0.2165,3.45976e-08,-1.3,1.0875,-0.75,-1.025,0.5825,1.93423e-08,1.025,0.5825,-7.02661e-08,-0.75,1.0875,1.3,0,-0.2165,0.575,0.75,1.0875,1.3,-0.75,1.0875,-1.3,0,-0.2165,-0.575,0.75,1.0875,-1.3,0,0.5825,1.025,0,0.5825,-1.025,-1.3,1.0875,0.375,1.3,1.0875,0.375,-1.3,1.0875,-0.375,1.3,1.0875,-0.375,0.375,1.0875,1.3,0.375,1.0875,-1.3,-0.375,1.0875,1.3,-0.375,1.0875,-1.3,-0.75,1.0875,0.75,0.75,1.0875,-0.75,-0.75,1.0875,-0.75,0.75,1.0875,0.75,0.375,1.0875,0.375,0.375,1.0875,-0.375,-0.375,1.0875,0.375,-0.375,1.0875,-0.375,0.375,1.0875,0.375,0.375,1.0875,-0.375,-0.375,1.0875,0.375,-0.375,1.0875,-0.375,0,0.5825,-2.54619e-08,0,-0.2165,9.46352e-09],"faces":[32,1,2,19,0,0,0,32,7,17,0,1,1,1,32,1,19,7,2,2,2,32,7,0,1,3,3,3,32,18,5,4,4,4,4,32,4,3,16,5,5,5,32,6,18,4,6,6,6,32,4,16,6,7,7,7,32,9,10,20,8,8,8,32,14,22,8,9,9,9,32,9,20,14,10,10,10,32,14,8,9,11,11,11,32,21,13,12,12,12,12,32,12,11,23,12,12,12,32,15,21,12,13,13,13,32,12,23,15,14,14,14,32,19,2,25,15,15,15,32,25,13,21,16,16,16,32,29,19,25,17,17,17,32,25,21,29,15,15,15,32,0,17,28,15,15,15,32,28,20,10,16,16,16,32,27,0,28,17,17,17,32,28,10,27,17,17,17,32,26,5,18,16,16,16,32,31,23,11,17,17,17,32,26,18,31,16,16,16,32,31,11,26,18,18,18,32,30,16,3,16,16,16,32,24,8,22,16,16,16,32,30,3,24,16,16,16,32,24,22,30,17,17,17,33,9,37,27,10,19,19,19,19,33,12,13,25,37,20,20,20,20,33,1,37,25,2,21,21,21,21,33,4,5,26,37,22,22,22,22,33,4,37,24,3,23,23,23,23,33,9,8,24,37,24,24,24,24,33,1,0,27,37,25,25,25,25,33,12,37,26,11,26,26,26,26,33,33,21,15,36,27,27,27,27,33,36,15,23,35,28,28,28,28,33,17,7,36,32,29,29,29,29,33,7,19,33,36,30,30,30,30,33,14,20,32,36,31,31,31,31,33,36,34,22,14,32,32,32,32,33,6,16,34,36,33,33,33,33,33,6,36,35,18,34,34,34,34]}